,pdb_id,S100,calcium_bound,target_bound,h3_span,h4_span,h3_h4 angle
0,2wcf,S100A12,False,False,"(52, 63)","(70, 85)",25.41193847343979
1,1k8u,S100A6,False,False,"(49, 62)","(68, 82)",14.229836275121812
2,2wce,S100A12,False,False,"(50, 63)","(70, 85)",19.44411888718855
3,2rgi,S100A2,False,False,"(51, 64)","(70, 84)",15.864436595847565
4,2wcb,S100A12,False,False,"(50, 58)","(70, 90)",14.7650952261003
5,1k9p,S100A6,False,False,"(49, 62)","(68, 81)",13.944446133675484
6,2wc8,S100A12,False,False,"(47, 58)","(70, 90)",13.143534559646838
7,1qls,S100A11,True,True,"(51, 61)","(70, 92)",45.335193304749964
8,3iqq,S100B,True,True,"(50, 61)","(70, 84)",73.37757256844914
9,4eto,S100A4,True,True,"(50, 61)","(70, 90)",69.11644300916834
10,3cr5,S100B,True,False,"(50, 61)","(70, 89)",77.90002811435828
11,3cr4,S100B,True,False,"(50, 61)","(70, 87)",75.39538736463867
12,2q91,S100A4,True,False,"(50, 61)","(70, 88)",76.12842637066096
13,1e8a,S100A12,True,False,"(49, 60)","(72, 85)",62.2364612542067
14,3gk1,S100B,True,False,"(49, 60)","(69, 86)",83.00019991881265
15,3d0y,S100B,True,False,"(50, 61)","(70, 89)",74.94944704838625
16,1k9k,S100A6,True,False,"(48, 59)","(68, 88)",58.795945997699775
17,3psr,S100A7,True,False,"(39, 49)","(70, 90)",122.03281488383415
18,2wos,S100A7,True,False,"(39, 49)","(70, 90)",124.2051203421653
19,2wor,S100A7,True,False,"(39, 49)","(70, 90)",124.08328787070133
20,1mho,S100B,True,False,"(49, 60)","(69, 87)",80.20926203553091
21,3cr2,S100B,True,False,"(50, 61)","(70, 88)",75.68304459470195
22,3iqo,S100B,True,False,"(49, 60)","(69, 86)",81.55747832008473
23,3hcm,S100B,True,False,"(50, 61)","(70, 88)",72.96509849114669
24,2h2k,S100A13,True,False,"(53, 61)","(70, 89)",34.23300895575278
25,3cga,S100A4,True,False,"(48, 59)","(68, 86)",52.70651681894857
26,1j55,S100P,True,False,"(46, 55)","(64, 86)",64.24911660714406
27,1mr8,S100A8,True,False,"(50, 58)","(70, 87)",65.91633309725553
28,1irj,S100A9,True,False,"(56, 66)","(76, 86)",68.08256121781793
29,2psr,S100A7,True,False,"(39, 49)","(70, 90)",123.6829831958446
30,3gk2,S100B,True,False,"(49, 60)","(69, 86)",82.78655099517005
31,2wnd,S100A7,True,False,"(39, 49)","(70, 90)",121.6230881720463
32,3gk4,S100B,True,False,"(50, 61)","(70, 88)",77.55007810127408
33,1k96,S100A6,True,False,"(48, 59)","(68, 88)",59.290275311707006
34,3d10,S100B,True,False,"(50, 61)","(70, 89)",73.66502647688056
