,variant,calcium_conc,dG,dG_err,m,Cm,Cm_err,rmsd
0,hS100A9,0.0,2.8898492405643936,0.5,1.0263024100063607,2.8157872498287158,0.08457382036256574,0.0005955467290657665
0,hS100A9,0.0005,2.35689054804169,0.5,0.6938719529334474,3.396722605774139,0.17567996269271288,0.0019019185006716101
0,hS100A9,0.005,5.241223588386737,1.3585272518395257,1.1591139149125869,4.5217502101870615,1.5746878413951504,0.0027475188928921656
0,hS100A9/M63F,0.0,2.889841538523199,0.5,1.0728241962659626,2.693676697991608,0.10562357097223371,0.001012106721412559
0,hS100A9/M63F,0.0005,7.161737672061528,0.5,1.3887731234681238,5.1568809555997355,0.22017166529594592,0.0009776171302015855
0,hS100A9/M63F,0.005,10.787518239615283,1.6937034820623655,1.5325990422620888,7.038708717769456,2.595768334484746,0.00183071236562048
0,hS100A9/F37L,0.0,2.712817050364159,0.5,0.8971768969295499,3.0237259337019915,0.1805879127447278,0.0013141483848007043
0,hS100A9/F37L,0.0005,1.9046854429531506,0.9558561701449468,0.665868676307955,2.8604520842068566,0.6364746827552071,0.00401724440972032
0,hS100A9/F37L,0.005,3.364328941104856,0.5,0.95,3.5413988853735328,0.019606477084059524,0.0028154068428402376
0,hS100A9/F37L/M63F,0.0,3.633885141687304,0.5,1.1361187105503892,3.198508314264871,0.4314200423159712,0.001459592021673858
0,hS100A9/F37L/M63F,0.0005,1.641042607757232,0.6334579596947816,0.4565195165384435,3.5946822606849924,0.28918592150729056,0.002481730706407235
0,hS100A9/F37L/M63F,0.005,4.195473978494169,0.5,0.95,4.416288398414915,0.01478693190347855,0.001911668270858842
