,variant,calcium_conc,dG,dG_err,m,Cm,Cm_err,rmsd
0,hS100A9,0.0,2.6008468435038252,0.005271393185742897,0.9500000000000001,2.7377335194777106,0.005007823526455752,0.0006060529468378223
0,hS100A9,0.0005,3.456927667051592,0.01612855052469592,0.9500000000000001,3.63887122847536,0.015322122998461125,0.001979086510368833
0,hS100A9,0.005,4.28615841506543,0.023770968736968313,0.9500000000000001,4.511745700068873,0.0225824203001199,0.0027718727130445885
0,hS100A9/M63F,0.0,2.416804705184505,0.006384294116314479,0.9500000000000001,2.5440049528257944,0.006065079410498756,0.0010411892186365794
0,hS100A9/M63F,0.0005,4.908848659496798,0.003784698462935672,0.9500000000000001,5.167209115259787,0.0035954635397888886,0.001381266079145007
0,hS100A9/M63F,0.005,7.006998999680772,0.02629549188702878,0.9500000000000001,7.375788420716602,0.024980717292677344,0.002336489604360976
0,hS100A9/F37L,0.0,2.9296576805467,0.013198270123221731,0.9500000000000001,3.0838501900491577,0.012538356617060646,0.0013164688349208823
0,hS100A9/F37L,0.0005,3.0887163777892788,0.07224309967272077,0.9500000000000001,3.2512803976729248,0.06863094468908473,0.0040987639879762035
0,hS100A9/F37L,0.005,3.3643290057797803,0.02063841317604078,0.9500000000000001,3.5413989534524,0.01960649251723874,0.0028154068428341674
0,hS100A9/F37L/M63F,0.0,2.9189766593790196,0.019047399845323384,0.9500000000000001,3.072607009872652,0.018095029853057217,0.0014810917655021854
0,hS100A9/F37L/M63F,0.0005,4.007314001269077,0.042381891289733166,0.9500000000000001,4.218225264493765,0.04026279672524651,0.0029158423332549784
0,hS100A9/F37L/M63F,0.005,4.19547383033486,0.015565190726062692,0.9500000000000001,4.416288242457747,0.014786931189759558,0.0019116682708363308
